,ver,data,length,epochs,batch,lr,loss,val_loss,LOSS,ACC,FAR,FRR,EER
0,1.1,"(50000, 40, 130)",3,18/20,256,0.01,0.00903,0.00638,0.08551,0.97302,0.00803,0.04592,0.02698
1,1.1,"(10000, 40, 130)",3,8/50,256,0.01,0.14137,0.23156,0.28107,0.88437,0.13821,0.09305,0.11563
